<?xml version="1.0" encoding="UTF-8" ?>
<display-config>
    <resolution-switch>
        <resolution_switch_process_protect>
            <item>com.android.settings:remote</item>
            <item>com.android.settings:CryptKeeper</item>
            <item>com.android.providers.calendar</item>
            <item>com.android.vending:download_service</item>
            <item>com.qualcomm.telephony</item>
            <item>com.xiaomi.mi_connect_service</item>
            <item>com.qualcomm.qti.autoregistration</item>
            <item>com.android.externalstorage</item>
            <item>com.android.htmlviewer</item>
            <item>com.qualcomm.qti.performancemode</item>
            <item>com.google.android.configupdater</item>
            <item>com.android.vending</item>
            <item>com.miui.micloudsync</item>
            <item>com.xiaomi.simactivate.service</item>
            <item>com.mfashiongallery.emag</item>
            <item>com.miui.sysopt</item>
            <item>com.xiaomi.finddevice:securitypush</item>
            <item>com.google.android.gms.unstable</item>
            <item>com.miui.securitycore.remote</item>
            <item>com.xiaomi.market:guard</item>
            <item>com.google.android.syncadapters.contacts</item>
            <item>com.xiaomi.oobhelper</item>
            <item>com.miui.cloudservice</item>
            <item>com.qualcomm.qti.smq</item>
            <item>com.modemdebug</item>
            <item>com.qti.diagservices</item>
            <item>com.qualcomm.qti.poweroffalarm</item>
            <item>com.qti.ltebc</item>
            <item>android.process.acore</item>
            <item>com.android.permissioncontroller</item>
            <item>android.process.media</item>
            <item>com.lbe.security.miui</item>
            <item>com.google.process.gapps</item>
            <item>com.miui.core</item>
            <item>com.miui.virtualsim:authentication</item>
            <item>com.miui.touchassistant</item>
            <item>com.miui.touchassistant:float</item>
            <item>com.miui.securitycenter.remote</item>
            <item>com.miui.greenguard</item>
            <item>android</item>
            <item>com.xiaomi.joyose</item>
            <item>com.miui.bugreport</item>
            <item>com.android.bluetooth</item>
            <item>com.android.providers.contacts</item>
            <item>com.android.providers.media</item>
            <item>com.android.providers.downloads</item>
            <item>com.xiaomi.xmsf</item>
            <item>com.google.android.marvin.talkback</item>
            <item>com.google.android.marvin.talkback:Tutorial</item>
            <item>org.simalliance.openmobileapi.service</item>
            <item>com.qualcomm.wfd.service</item>
            <item>com.miui.powerkeeper</item>
            <item>com.qualcomm.qcrilmsgtunnel</item>
            <item>com.qualcomm.uimremoteclient</item>
            <item>com.android.vpndialogs</item>
            <item>com.qti.service.colorservice</item>
            <item>com.qti.snapdragon.sdk.display</item>
            <item>com.xiaomi.bluetooth</item>
            <item>com.xiaomi.metoknlp</item>
            <item>com.android.updater</item>
            <item>com.xiaomi.location.fused</item>
            <item>android.process.acore</item>
            <item>com.miui.wmsvc</item>
            <item>com.xiaomi.mimobile.cloudsim</item>
            <item>com.miui.tsmclient</item>
            <item>com.magiear.handsfree.assistant</item>
            <item>com.xiaomi.mi_connect_service</item>
            <item>com.miui.screenrecorder</item>
            <item>com.miui.hybrid</item>
            <item>com.qualcomm.qti.biometrics.fingerprint.service</item>
            <item>com.google.android.gms.ui</item>
            <item>com.miui.voiceassist:voice_trigger</item>
            <item>com.qualcomm.qti.lpa</item>
            <item>com.android.thememanager</item>
            <item>com.miui.contentcatcher:autofill</item>
        </resolution_switch_process_protect>
        <resolution_switch_process_black>
            <item>com.miui.securitycenter</item>
            <item>com.xiaomi.market</item>
            <item>com.android.calendar</item>
            <item>com.android.contacts</item>
            <item>com.miui.weather2</item>
            <item>com.android.deskclock</item>
            <item>com.duokan.phone.remotecontroller</item>
            <item>com.xiaomi.youpin</item>
            <item>com.dragon.read</item>
            <item>com.miui.compass</item>
            <item>com.xiaomi.smarthome</item>
            <item>com.android.camera</item>
            <item>com.taobao.taobao</item>
            <item>com.tencent.mm</item>
            <item>com.eg.android.AlipayGphone</item>
            <item>com.ss.android.ugc.aweme</item>
            <item>com.tencent.mobileqq</item>
            <item>com.taobao.taobao</item>
            <item>com.xunmeng.pinduoduo</item>
            <item>com.smile.gifmaker</item>
            <item>com.baidu.searchbox</item>
            <item>com.ss.android.article.news</item>
            <item>com.tencent.mtt</item>
            <item>com.tencent.qqlive</item>
            <item>com.qiyi.video</item>
            <item>com.UCMobile</item>
            <item>com.kugou.android</item>
            <item>com.tencent.tmgp.sgame</item>
            <item>com.autonavi.minimap</item>
            <item>com.jingdong.app.mall</item>
            <item>com.sina.weibo</item>
            <item>com.netease.cloudmusic</item>
            <item>com.ss.android.article.lite</item>
            <item>com.tencent.qqmusic</item>
            <item>com.sankuai.meituan</item>
            <item>com.ss.android.article.video</item>
            <item>tv.danmaku.bili</item>
            <item>com.ss.android.ugc.live</item>
            <item>com.kuaishou.nebula</item>
            <item>com.snda.wifilocating</item>
            <item>com.tencent.news</item>
            <item>com.baidu.BaiduMap</item>
            <item>com.alibaba.android.rimet</item>
            <item>com.youku.phone</item>
            <item>com.baidu.haokan</item>
            <item>cn.wps.moffice_eng</item>
            <item>com.jifen.qukan</item>
            <item>com.tencent.tmgp.pubgmhd</item>
            <item>com.ximalaya.ting.android</item>
            <item>cn.xuexi.android</item>
            <item>com.tencent.karaoke</item>
            <item>com.zhihu.android</item>
            <item>com.taobao.idlefish</item>
            <item>com.cleanmaster.mguard_cn</item>
            <item>com.baidu.homework</item>
            <item>com.happyelements.AndroidAnimal</item>
            <item>com.MobileTicket</item>
            <item>com.unionpay</item>
            <item>com.jm.video</item>
            <item>com.baidu.netdisk</item>
            <item>com.tencent.qqpimsecure</item>
            <item>com.baidu.tieba</item>
            <item>com.duowan.kiwi</item>
            <item>com.chinamworld.main</item>
            <item>air.tv.douyu.android</item>
            <item>com.tencent.weishi</item>
            <item>me.ele</item>
            <item>com.hipu.yidian</item>
            <item>com.icbc</item>
            <item>com.sdu.didi.psnger</item>
            <item>com.tmall.wireless</item>
            <item>tv.pps.mobile</item>
            <item>com.tencent.androidqqmail</item>
            <item>com.xingin.xhs</item>
            <item>com.moji.mjweather</item>
            <item>com.baidu.searchbox.lite</item>
            <item>cmb.pb</item>
            <item>com.kmxs.reader</item>
            <item>com.hexin.plat.android</item>
            <item>com.android.bankabc</item>
            <item>com.jd.jrapp</item>
            <item>com.sankuai.meituan.takeoutnew</item>
            <item>com.ss.android.ugc.aweme.lite</item>
            <item>com.tmri.app.main</item>
            <item>com.wuba</item>
            <item>com.sinovatech.unicom.ui</item>
            <item>com.xunlei.downloadprovider</item>
            <item>com.achievo.vipshop</item>
            <item>com.mt.mtxx.mtxx</item>
            <item>com.chinamworld.bocmbci</item>
            <item>cn.kuwo.player</item>
            <item>ctrip.android.view</item>
            <item>com.tencent.qt.qtl</item>
            <item>com.dianping.v1</item>
            <item>com.cainiao.wireless</item>
            <item>com.suning.mobile.ebuy</item>
            <item>com.hunantv.imgo.activity</item>
            <item>cn.xiaochuankeji.tieba</item>
            <item>com.ifeng.news2</item>
            <item>com.quark.browser</item>
            <item>com.cubic.autohome</item>
            <item>com.cmbchina.ccd.pluto.cmbActivity</item>
            <item>com.netease.newsreader.activity</item>
            <item>com.tencent.tmgp.cf</item>
            <item>com.greenpoint.android.mc10086.activity</item>
            <item>com.tencent.gamehelper.smoba</item>
            <item>com.yipiao</item>
            <item>com.youdao.dict</item>
            <item>com.shyz.toutiao</item>
            <item>com.tencent.tmgp.speedmobile</item>
            <item>com.icbc.im</item>
            <item>com.taobao.trip</item>
            <item>com.immomo.momo</item>
        </resolution_switch_process_black>
    </resolution-switch>
</display-config>